{"left": {"case": "knee", "cls_report": {"kl_grade": 0, "kl_grade_prob": [0.9449999928474426, 0.05000000074505806, 0.004999999888241291, 0.0, 0.0]}, "seg_coords": {"femur_jointline": [[[1658, 1105], [1659, 1105], [1660, 1105], [1661, 1106], [1662, 1106], [1663, 1106], [1664, 1106], [1665, 1106], [1666, 1106], [1667, 1107], [1668, 1107], [1669, 1107], [1670, 1107], [1671, 1107], [1672, 1107], [1673, 1107], [1674, 1107], [1675, 1107], [1676, 1107], [1677, 1108], [1678, 1108], [1679, 1108], [1680, 1108], [1681, 1108], [1682, 1108], [1683, 1108], [1684, 1108], [1685, 1108], [1686, 1108], [1687, 1108], [1688, 1108], [1689, 1108], [1690, 1108], [1691, 1108], [1692, 1108], [1693, 1108], [1694, 1108], [1695, 1108], [1696, 1108], [1697, 1108], [1698, 1108], [1699, 1108], [1700, 1108], [1701, 1108], [1702, 1108], [1703, 1108], [1704, 1108], [1705, 1108], [1706, 1108], [1707, 1108], [1708, 1108], [1709, 1108], [1710, 1107], [1711, 1107], [1712, 1107], [1713, 1107], [1714, 1107], [1715, 1107], [1716, 1106], [1717, 1106], [1718, 1106], [1719, 1106], [1720, 1106], [1721, 1106], [1722, 1106], [1723, 1106], [1724, 1105], [1725, 1105], [1726, 1105], [1727, 1105], [1728, 1105], [1729, 1105], [1730, 1104], [1731, 1104], [1732, 1104], [1733, 1104], [1734, 1103], [1735, 1103], [1736, 1103], [1737, 1103], [1738, 1102], [1739, 1102], [1740, 1102], [1741, 1101], [1742, 1101], [1743, 1101], [1744, 1100], [1745, 1100], [1746, 1099], [1747, 1099], [1748, 1099], [1749, 1098], [1750, 1098], [1751, 1098], [1752, 1097], [1753, 1097], [1754, 1096], [1755, 1096], [1756, 1096], [1757, 1095], [1758, 1095], [1759, 1094], [1760, 1093], [1761, 1093], [1762, 1093], [1763, 1092], [1764, 1091], [1765, 1091], [1766, 1090], [1767, 1090], [1768, 1089], [1769, 1089], [1770, 1088], [1771, 1088], [1772, 1087], [1773, 1087], [1774, 1086], [1775, 1086], [1776, 1085], [1777, 1085], [1778, 1084], [1779, 1083], [1780, 1083], [1781, 1082], [1782, 1082], [1783, 1081], [1784, 1081], [1785, 1080], [1786, 1080], [1787, 1079], [1788, 1078], [1789, 1078], [1790, 1077], [1791, 1077], [1792, 1076], [1793, 1076], [1794, 1075], [1795, 1075], [1796, 1074], [1797, 1074], [1798, 1073], [1799, 1073], [1800, 1072], [1801, 1072], [1802, 1071], [1803, 1071], [1804, 1070], [1805, 1070], [1806, 1069], [1807, 1069], [1808, 1068], [1809, 1068], [1810, 1067], [1811, 1067], [1812, 1066], [1813, 1066], [1814, 1065], [1815, 1065], [1816, 1064], [1817, 1064], [1818, 1063], [1819, 1063], [1820, 1063], [1821, 1062], [1822, 1062], [1823, 1062], [1824, 1061], [1825, 1061], [1826, 1061], [1827, 1060], [1828, 1060], [1829, 1059], [1830, 1059], [1831, 1059], [1832, 1058], [1833, 1058], [1834, 1058], [1835, 1057], [1836, 1057], [1837, 1057], [1838, 1057], [1839, 1057], [1840, 1056], [1841, 1056], [1842, 1056], [1843, 1056], [1844, 1056], [1845, 1055], [1846, 1055], [1847, 1055], [1848, 1055], [1849, 1055], [1850, 1055], [1851, 1055], [1852, 1055], [1853, 1055], [1854, 1055], [1855, 1055], [1856, 1055], [1857, 1055], [1858, 1055], [1859, 1055], [1860, 1055], [1861, 1055], [1862, 1055], [1863, 1056], [1864, 1056], [1865, 1056], [1866, 1056], [1867, 1056], [1868, 1056], [1869, 1057], [1870, 1057], [1871, 1057], [1872, 1057], [1873, 1058], [1874, 1058], [1875, 1058], [1876, 1058], [1877, 1059], [1878, 1059], [1879, 1059], [1880, 1059], [1881, 1060], [1882, 1060], [1883, 1060], [1884, 1061], [1885, 1061], [1886, 1061], [1887, 1062], [1888, 1062], [1889, 1062], [1890, 1063], [1891, 1063], [1892, 1064], [1893, 1064], [1894, 1064], [1895, 1065], [1896, 1065], [1897, 1066], [1898, 1066], [1899, 1066], [1900, 1067], [1901, 1067], [1902, 1068], [1903, 1068], [1904, 1068], [1905, 1069], [1906, 1069], [1907, 1069], [1908, 1070], [1909, 1070], [1910, 1071], [1911, 1071], [1912, 1071], [1913, 1072], [1914, 1072], [1915, 1073], [1916, 1073], [1917, 1073], [1918, 1074], [1919, 1074], [1920, 1074], [1921, 1075], [1922, 1075], [1923, 1076], [1924, 1076], [1925, 1077], [1926, 1077], [1927, 1077], [1928, 1078], [1929, 1078], [1930, 1078], [1931, 1079], [1932, 1079], [1933, 1079], [1934, 1080], [1935, 1080], [1936, 1080], [1937, 1081], [1938, 1081], [1939, 1081], [1940, 1082], [1941, 1082], [1942, 1082], [1943, 1082], [1944, 1083], [1945, 1083], [1946, 1083], [1947, 1083], [1948, 1084], [1949, 1084], [1950, 1084], [1951, 1084], [1952, 1085], [1953, 1085], [1954, 1085], [1955, 1085], [1956, 1085], [1957, 1085], [1958, 1085], [1959, 1086], [1960, 1086], [1961, 1086], [1962, 1086], [1963, 1086], [1964, 1086], [1965, 1086], [1966, 1087], [1967, 1087], [1968, 1087], [1969, 1087], [1970, 1087], [1971, 1087], [1972, 1087], [1973, 1087], [1974, 1087], [1975, 1087], [1976, 1087], [1977, 1087], [1978, 1087], [1979, 1087], [1980, 1087], [1981, 1087], [1982, 1087], [1983, 1087], [1984, 1087], [1985, 1087], [1986, 1087], [1987, 1087], [1988, 1087], [1989, 1087], [1990, 1086], [1991, 1086], [1992, 1086], [1993, 1086], [1994, 1086], [1995, 1086], [1996, 1085], [1997, 1085], [1998, 1085], [1999, 1085], [2000, 1085], [2001, 1084], [2002, 1084], [2003, 1084], [2004, 1083], [2005, 1083], [2006, 1083], [2007, 1082], [2008, 1082], [2009, 1081], [2010, 1081], [2011, 1081], [2012, 1080], [2013, 1080], [2014, 1080], [2015, 1079], [2016, 1079], [2017, 1078], [2018, 1078], [2019, 1077], [2020, 1077], [2021, 1076], [2022, 1076], [2023, 1075], [2024, 1075], [2025, 1074], [2026, 1073], [2027, 1073]]],